{"cameraMode":{"drawMode":0,"name":"Shaded","section":"Shading Mode"},"sceneLighting":true,"audioPlay":false,"sceneViewState":{"m_AlwaysRefresh":false,"showFog":true,"showSkybox":true,"showFlares":true,"showImageEffects":true,"showParticleSystems":true,"showVisualEffectGraphs":true,"m_FxEnabled":true},"in2DMode":false,"pivot":{"x":23.69038200378418,"y":1.8012933731079102,"z":22.359699249267579},"rotation":{"x":0.20198968052864076,"y":0.6925097703933716,"z":-0.21217824518680573,"w":0.6592528223991394},"size":11.969450950622559,"orthographic":false}